﻿Depart,Arrivée,Path,Order Path,Order Point,Code Ligne,Libelle Ligne,Nom Voie,Idreseau,Longitude,Latitude
87382499,87382655,"00",11,0,326000,Ligne de la bifurcation de Neuville à Cergy-Préfecture,V1,308586,2.02128,49.050919
87382499,87382655,"00",11,1,326000,Ligne de la bifurcation de Neuville à Cergy-Préfecture,V1,308587,2.017875,49.050963
87382499,87382655,"00",11,2,326000,Ligne de la bifurcation de Neuville à Cergy-Préfecture,V1,308588,2.012704,49.048964
87381905,87382499,"00",10,0,326000,Ligne de la bifurcation de Neuville à Cergy-Préfecture,V1,308576,2.078349,49.037255
87381905,87382499,"00",10,1,326000,Ligne de la bifurcation de Neuville à Cergy-Préfecture,V1,308577,2.076284,49.03877
87381905,87382499,"00",10,2,326000,Ligne de la bifurcation de Neuville à Cergy-Préfecture,V1,308578,2.074641,49.039963
87381905,87382499,"00",10,3,326000,Ligne de la bifurcation de Neuville à Cergy-Préfecture,V1,308579,2.074007,49.040429
87381905,87382499,"00",10,4,326000,Ligne de la bifurcation de Neuville à Cergy-Préfecture,V1,308580,2.071549,49.042665
87381905,87382499,"00",10,5,326000,Ligne de la bifurcation de Neuville à Cergy-Préfecture,V1,308581,2.070678,49.043645
87381905,87382499,"00",10,6,326000,Ligne de la bifurcation de Neuville à Cergy-Préfecture,V1,308582,2.065377,49.046551
87381905,87382499,"00",10,7,326000,Ligne de la bifurcation de Neuville à Cergy-Préfecture,V1,308583,2.064993,49.046642
87381905,87382499,"00",10,8,326000,Ligne de la bifurcation de Neuville à Cergy-Préfecture,V1,308584,2.061473,49.047027
87381905,87382499,"00",10,9,326000,Ligne de la bifurcation de Neuville à Cergy-Préfecture,V1,308585,2.058782,49.047194
87334482,87381905,"00",9,0,326000,Ligne de la bifurcation de Neuville à Cergy-Préfecture,V1,308568,2.080776,49.017929
87334482,87381905,"00",9,1,326000,Ligne de la bifurcation de Neuville à Cergy-Préfecture,V1,308569,2.08408,49.019861
87334482,87381905,"00",9,2,326000,Ligne de la bifurcation de Neuville à Cergy-Préfecture,V1,308570,2.086283,49.021086
87334482,87381905,"00",9,3,326000,Ligne de la bifurcation de Neuville à Cergy-Préfecture,V1,308571,2.089725,49.024033
87334482,87381905,"00",9,4,326000,Ligne de la bifurcation de Neuville à Cergy-Préfecture,V1,308572,2.089825,49.024202
87334482,87381905,"00",9,5,326000,Ligne de la bifurcation de Neuville à Cergy-Préfecture,V1,308573,2.087977,49.031641
87334482,87381905,"00",9,6,326000,Ligne de la bifurcation de Neuville à Cergy-Préfecture,V1,308574,2.083127,49.034184
87334482,87381905,"00",9,7,326000,Ligne de la bifurcation de Neuville à Cergy-Préfecture,V1,308575,2.079906,49.036147
87381459,87334482,"00",8,0,338000,Ligne d'Achères à Pontoise,V1,313709,2.074324,48.989323
87381459,87334482,"00",8,1,338000,Ligne d'Achères à Pontoise,V1,313710,2.073596,48.991741
87381459,87334482,"00",8,2,338000,Ligne d'Achères à Pontoise,V1,313711,2.073307,48.993852
87381459,87334482,"00",8,3,338000,Ligne d'Achères à Pontoise,V1,313712,2.073354,48.995934
87381459,87334482,"00",8,4,338000,Ligne d'Achères à Pontoise,V1,313713,2.073423,48.998016
87381459,87334482,"00",8,5,338000,Ligne d'Achères à Pontoise,V1,313714,2.07319,48.999969
87381459,87334482,"00",8,6,338000,Ligne d'Achères à Pontoise,V1,313715,2.073262,49.001771
87381459,87334482,"00",8,7,326000,Ligne de la bifurcation de Neuville à Cergy-Préfecture,V1,308563,2.073468,49.002834
87381459,87334482,"00",8,8,326000,Ligne de la bifurcation de Neuville à Cergy-Préfecture,V1,308564,2.073636,49.003976
87381459,87334482,"00",8,9,326000,Ligne de la bifurcation de Neuville à Cergy-Préfecture,V1,308565,2.076255,49.009428
87381459,87334482,"00",8,10,326000,Ligne de la bifurcation de Neuville à Cergy-Préfecture,V1,308566,2.076695,49.009892
87381459,87334482,"00",8,11,326000,Ligne de la bifurcation de Neuville à Cergy-Préfecture,V1,308567,2.078332,49.013442
87381657,87381459,"00",7,0,338000,Ligne d'Achères à Pontoise,V1,313706,2.077987,48.978023
87381657,87381459,"00",7,1,338000,Ligne d'Achères à Pontoise,V1,313707,2.077375,48.982906
87381657,87381459,"00",7,2,338000,Ligne d'Achères à Pontoise,V1,313708,2.076555,48.984787
87386425,87381657,"00",6,0,340000,Ligne de Paris-St-Lazare au Havre,V1,313849,2.143509,48.946378
87386425,87381657,"00",6,1,340000,Ligne de Paris-St-Lazare au Havre,V1,313850,2.142256,48.947235
87386425,87381657,"00",6,2,340000,Ligne de Paris-St-Lazare au Havre,V1,313851,2.14216,48.9473
87386425,87381657,"00",6,3,340000,Ligne de Paris-St-Lazare au Havre,V1,313852,2.140059,48.948689
87386425,87381657,"00",6,4,340000,Ligne de Paris-St-Lazare au Havre,V1,313853,2.137238,48.950515
87386425,87381657,"00",6,5,340000,Ligne de Paris-St-Lazare au Havre,V1,313854,2.135879,48.951379
87386425,87381657,"00",6,6,340000,Ligne de Paris-St-Lazare au Havre,V1,313855,2.134718,48.95212
87386425,87381657,"00",6,7,338000,Ligne d'Achères à Pontoise,V1,313684,2.131957,48.953994
87386425,87381657,"00",6,8,338000,Ligne d'Achères à Pontoise,V1,313685,2.12979,48.955263
87386425,87381657,"00",6,9,338000,Ligne d'Achères à Pontoise,V1,313686,2.127206,48.956462
87386425,87381657,"00",6,10,338000,Ligne d'Achères à Pontoise,V1,313687,2.125413,48.957376
87386425,87381657,"00",6,11,338000,Ligne d'Achères à Pontoise,V1,313688,2.123607,48.95825
87386425,87381657,"00",6,12,338000,Ligne d'Achères à Pontoise,V1,313689,2.121219,48.958974
87386425,87381657,"00",6,13,338000,Ligne d'Achères à Pontoise,V1,313690,2.118567,48.959529
87386425,87381657,"00",6,14,338000,Ligne d'Achères à Pontoise,V1,313691,2.117784,48.959681
87386425,87381657,"00",6,15,338000,Ligne d'Achères à Pontoise,V1,313692,2.11164,48.960402
87386425,87381657,"00",6,16,338000,Ligne d'Achères à Pontoise,V1,313693,2.107704,48.960291
87386425,87381657,"00",6,17,338000,Ligne d'Achères à Pontoise,V1,313694,2.103738,48.959797
87386425,87381657,"00",6,18,338000,Ligne d'Achères à Pontoise,V1,313695,2.103258,48.959699
87386425,87381657,"00",6,19,338000,Ligne d'Achères à Pontoise,V1,313696,2.0998,48.958817
87386425,87381657,"00",6,20,338000,Ligne d'Achères à Pontoise,V1,313697,2.097372,48.958033
87386425,87381657,"00",6,21,338000,Ligne d'Achères à Pontoise,V1,313698,2.094498,48.956872
87386425,87381657,"00",6,22,338000,Ligne d'Achères à Pontoise,V1,313699,2.094389,48.956816
87386425,87381657,"00",6,23,338000,Ligne d'Achères à Pontoise,V1,313700,2.091929,48.955855
87386425,87381657,"00",6,24,338000,Ligne d'Achères à Pontoise,V1,313701,2.084079,48.95646
87386425,87381657,"00",6,25,338000,Ligne d'Achères à Pontoise,V1,313702,2.081741,48.9586
87386425,87381657,"00",6,26,338000,Ligne d'Achères à Pontoise,V1,313703,2.080851,48.960002
87386425,87381657,"00",6,27,338000,Ligne d'Achères à Pontoise,V1,313704,2.079312,48.962656
87386425,87381657,"00",6,28,338000,Ligne d'Achères à Pontoise,V1,313705,2.077659,48.969331
87386417,87386425,"00",5,0,340000,Ligne de Paris-St-Lazare au Havre,V1,313842,2.155579,48.938461
87386417,87386425,"00",5,1,340000,Ligne de Paris-St-Lazare au Havre,V1,313843,2.15275,48.940208
87386417,87386425,"00",5,2,340000,Ligne de Paris-St-Lazare au Havre,V1,313844,2.150755,48.941508
87386417,87386425,"00",5,3,340000,Ligne de Paris-St-Lazare au Havre,V1,313845,2.149888,48.942074
87386417,87386425,"00",5,4,340000,Ligne de Paris-St-Lazare au Havre,V1,313846,2.148979,48.942736
87386417,87386425,"00",5,5,340000,Ligne de Paris-St-Lazare au Havre,V1,313847,2.146729,48.94429
87386417,87386425,"00",5,6,340000,Ligne de Paris-St-Lazare au Havre,V1,313848,2.14663,48.944352
87386409,87386417,"00",4,0,975900,Ligne de Nanterre-Université à Sartrouville,V1,354084,2.183576,48.921088
87386409,87386417,"00",4,1,975900,Ligne de Nanterre-Université à Sartrouville,V1,354085,2.181315,48.92228
87386409,87386417,"00",4,2,975900,Ligne de Nanterre-Université à Sartrouville,V1,354086,2.179142,48.923399
87386409,87386417,"00",4,3,975900,Ligne de Nanterre-Université à Sartrouville,V1,354087,2.176759,48.924777
87386409,87386417,"00",4,4,975900,Ligne de Nanterre-Université à Sartrouville,V1,354088,2.17499,48.925925
87386409,87386417,"00",4,5,975900,Ligne de Nanterre-Université à Sartrouville,V1,354089,2.173654,48.926844
87386409,87386417,"00",4,6,975900,Ligne de Nanterre-Université à Sartrouville,V1,354090,2.172294,48.927755
87386409,87386417,"00",4,7,975900,Ligne de Nanterre-Université à Sartrouville,V1,354091,2.170227,48.929095
87386409,87386417,"00",4,8,975900,Ligne de Nanterre-Université à Sartrouville,V1,354092,2.16866,48.930121
87386409,87386417,"00",4,9,975900,Ligne de Nanterre-Université à Sartrouville,V1,354093,2.16744,48.930989
87386409,87386417,"00",4,10,975900,Ligne de Nanterre-Université à Sartrouville,V1,354094,2.166958,48.931315
87386409,87386417,"00",4,11,340000,Ligne de Paris-St-Lazare au Havre,V1,313836,2.163999,48.933184
87386409,87386417,"00",4,12,340000,Ligne de Paris-St-Lazare au Havre,V1,313837,2.162622,48.934078
87386409,87386417,"00",4,13,340000,Ligne de Paris-St-Lazare au Havre,V1,313838,2.161534,48.934769
87386409,87386417,"00",4,14,340000,Ligne de Paris-St-Lazare au Havre,V1,313839,2.160455,48.935454
87386409,87386417,"00",4,15,340000,Ligne de Paris-St-Lazare au Havre,V1,313840,2.159748,48.935909
87386409,87386417,"00",4,16,340000,Ligne de Paris-St-Lazare au Havre,V1,313841,2.1574,48.937371
87386318,87386409,"00",3,0,975000,Ligne de Paris-St-Lazare à St-Germain-en-Laye,V1,354026,2.215125,48.901598
87386318,87386409,"00",3,1,975000,Ligne de Paris-St-Lazare à St-Germain-en-Laye,V1,354027,2.206144,48.901604
87386318,87386409,"00",3,2,975900,Ligne de Nanterre-Université à Sartrouville,V1,354073,2.205584,48.901793
87386318,87386409,"00",3,3,975900,Ligne de Nanterre-Université à Sartrouville,V1,354074,2.202008,48.902952
87386318,87386409,"00",3,4,975900,Ligne de Nanterre-Université à Sartrouville,V1,354075,2.197457,48.905274
87386318,87386409,"00",3,5,975900,Ligne de Nanterre-Université à Sartrouville,V1,354076,2.196008,48.907778
87386318,87386409,"00",3,6,975900,Ligne de Nanterre-Université à Sartrouville,V1,354077,2.195577,48.910018
87386318,87386409,"00",3,7,975900,Ligne de Nanterre-Université à Sartrouville,V1,354078,2.193053,48.916553
87386318,87386409,"00",3,8,975900,Ligne de Nanterre-Université à Sartrouville,V1,354079,2.192386,48.916876
87386318,87386409,"00",3,9,975900,Ligne de Nanterre-Université à Sartrouville,V1,354080,2.190135,48.917926
87386318,87386409,"00",3,10,975900,Ligne de Nanterre-Université à Sartrouville,V1,354081,2.189235,48.918347
87386318,87386409,"00",3,11,975900,Ligne de Nanterre-Université à Sartrouville,V1,354082,2.188677,48.918614
87386318,87386409,"00",3,12,975900,Ligne de Nanterre-Université à Sartrouville,V1,354083,2.186969,48.919383
87386003,87386318,"00",2,0,975000,Ligne de Paris-St-Lazare à St-Germain-en-Laye,V1,354019,2.239037,48.90933
87386003,87386318,"00",2,1,975000,Ligne de Paris-St-Lazare à St-Germain-en-Laye,V1,354020,2.238348,48.909101
87386003,87386318,"00",2,2,975000,Ligne de Paris-St-Lazare à St-Germain-en-Laye,V1,354021,2.235433,48.908061
87386003,87386318,"00",2,3,975000,Ligne de Paris-St-Lazare à St-Germain-en-Laye,V1,354022,2.230573,48.906488
87386003,87386318,"00",2,4,975000,Ligne de Paris-St-Lazare à St-Germain-en-Laye,V1,354023,2.227422,48.905556
87386003,87386318,"00",2,5,975000,Ligne de Paris-St-Lazare à St-Germain-en-Laye,V1,354024,2.219206,48.902875
87386003,87386318,"00",2,6,975000,Ligne de Paris-St-Lazare à St-Germain-en-Laye,V1,354025,2.216901,48.902151
87386300,87386003,"00",1,0,340000,Ligne de Paris-St-Lazare au Havre,V1,313813,2.255197,48.913794
87386300,87386003,"00",1,1,340000,Ligne de Paris-St-Lazare au Havre,V1,313814,2.250965,48.91308
87386300,87386003,"00",1,2,340000,Ligne de Paris-St-Lazare au Havre,V1,313815,2.249673,48.912753
87386300,87386003,"00",1,3,340000,Ligne de Paris-St-Lazare au Havre,V1,313816,2.246556,48.911816
87382002,87386300,"00",0,0,975000,Ligne de Paris-St-Lazare à St-Germain-en-Laye,V1,354010,2.263960936,48.90822434
87382002,87386300,"00",0,1,975000,Ligne de Paris-St-Lazare à St-Germain-en-Laye,V1,354011,2.263678219,48.90932636
87382002,87386300,"00",0,2,975000,Ligne de Paris-St-Lazare à St-Germain-en-Laye,V1,354012,2.259934916,48.91308004
87381129,87381137,"0",2,0,973000,Ligne de Paris-St-Lazare à Versailles-Rive-Droite,V1,353773,2.296553,48.897846
87381129,87381137,"0",2,1,973000,Ligne de Paris-St-Lazare à Versailles-Rive-Droite,V1,353774,2.295247,48.898702
87381129,87381137,"0",2,2,973000,Ligne de Paris-St-Lazare à Versailles-Rive-Droite,V1,353775,2.29495,48.898877
87381129,87381137,"0",2,3,973000,Ligne de Paris-St-Lazare à Versailles-Rive-Droite,V1,353776,2.293484,48.899763
87381129,87381137,"0",2,4,973000,Ligne de Paris-St-Lazare à Versailles-Rive-Droite,V1,353777,2.292209,48.900541
87381129,87381137,"0",2,5,973000,Ligne de Paris-St-Lazare à Versailles-Rive-Droite,V1,353778,2.290127,48.901759
87381129,87381137,"0",2,6,973000,Ligne de Paris-St-Lazare à Versailles-Rive-Droite,V1,353779,2.28923,48.902278
87381129,87381137,"0",2,7,973000,Ligne de Paris-St-Lazare à Versailles-Rive-Droite,V1,353780,2.288205,48.902848
87381129,87381137,"0",2,8,973000,Ligne de Paris-St-Lazare à Versailles-Rive-Droite,V1,353781,2.285011,48.904711
87381111,87381129,"0",1,0,973000,Ligne de Paris-St-Lazare à Versailles-Rive-Droite,V1,353764,2.311418,48.888901
87381111,87381129,"0",1,1,973000,Ligne de Paris-St-Lazare à Versailles-Rive-Droite,V1,353765,2.30949,48.890007
87381111,87381129,"0",1,2,973000,Ligne de Paris-St-Lazare à Versailles-Rive-Droite,V1,353766,2.307508,48.89134
87381111,87381129,"0",1,3,973000,Ligne de Paris-St-Lazare à Versailles-Rive-Droite,V1,353767,2.305565,48.892639
87381111,87381129,"0",1,4,973000,Ligne de Paris-St-Lazare à Versailles-Rive-Droite,V1,353768,2.304245,48.893487
87381111,87381129,"0",1,5,973000,Ligne de Paris-St-Lazare à Versailles-Rive-Droite,V1,353769,2.302466,48.894576
87381111,87381129,"0",1,6,973000,Ligne de Paris-St-Lazare à Versailles-Rive-Droite,V1,353770,2.301296,48.895259
87381111,87381129,"0",1,7,973000,Ligne de Paris-St-Lazare à Versailles-Rive-Droite,V1,353771,2.29998,48.896037
87381111,87381129,"0",1,8,973000,Ligne de Paris-St-Lazare à Versailles-Rive-Droite,V1,353772,2.298299,48.896915
87384008,87381111,"0",0,0,973000,Ligne de Paris-St-Lazare à Versailles-Rive-Droite,V1,353758,2.323897,48.876512
87384008,87381111,"0",0,1,973000,Ligne de Paris-St-Lazare à Versailles-Rive-Droite,V1,353759,2.323236,48.877602
87384008,87381111,"0",0,2,973000,Ligne de Paris-St-Lazare à Versailles-Rive-Droite,V1,353760,2.318886,48.883765
87384008,87381111,"0",0,3,973000,Ligne de Paris-St-Lazare à Versailles-Rive-Droite,V1,353761,2.31635,48.886195
87384008,87381111,"0",0,4,973000,Ligne de Paris-St-Lazare à Versailles-Rive-Droite,V1,353762,2.314351,48.88744
87384008,87381111,"0",0,5,973000,Ligne de Paris-St-Lazare à Versailles-Rive-Droite,V1,353763,2.314113,48.887542
87381137,87382002,"0",3,0,973000,Ligne de Paris-St-Lazare à Versailles-Rive-Droite,V1,353782,2.282948,48.905676
87381137,87382002,"0",3,1,973000,Ligne de Paris-St-Lazare à Versailles-Rive-Droite,V1,353783,2.282236,48.905937
87381137,87382002,"0",3,2,973000,Ligne de Paris-St-Lazare à Versailles-Rive-Droite,V1,353784,2.279736,48.906577
87381137,87382002,"0",3,3,973000,Ligne de Paris-St-Lazare à Versailles-Rive-Droite,V1,353785,2.278786,48.906695
87381137,87382002,"0",3,4,973000,Ligne de Paris-St-Lazare à Versailles-Rive-Droite,V1,353786,2.27748,48.906776
87381137,87382002,"0",3,5,973000,Ligne de Paris-St-Lazare à Versailles-Rive-Droite,V1,353787,2.273581,48.90651
87381137,87382002,"0",3,6,973000,Ligne de Paris-St-Lazare à Versailles-Rive-Droite,V1,353788,2.272793,48.906367
87381137,87382002,"0",3,7,973000,Ligne de Paris-St-Lazare à Versailles-Rive-Droite,V1,353789,2.270371,48.905736
87381137,87382002,"0",3,8,973000,Ligne de Paris-St-Lazare à Versailles-Rive-Droite,V1,353790,2.269531,48.905482
87382002,87382200,"01",0,0,973000,Ligne de Paris-St-Lazare à Versailles-Rive-Droite,V1,353791,2.266263,48.904425
87382002,87382200,"01",0,1,973000,Ligne de Paris-St-Lazare à Versailles-Rive-Droite,V1,353792,2.252651,48.899918
87382002,87382200,"01",0,2,973000,Ligne de Paris-St-Lazare à Versailles-Rive-Droite,V1,353793,2.24888,48.898485
87382200,87382218,"01",1,0,973000,Ligne de Paris-St-Lazare à Versailles-Rive-Droite,V1,353794,2.243343,48.896148
87382200,87382218,"01",1,1,973000,Ligne de Paris-St-Lazare à Versailles-Rive-Droite,V1,353795,2.239378,48.894187
87382218,87382382,"01",2,0,973000,Ligne de Paris-St-Lazare à Versailles-Rive-Droite,V1,353796,2.23763,48.89267
87382218,87382382,"01",2,1,973000,Ligne de Paris-St-Lazare à Versailles-Rive-Droite,V1,353797,2.236281,48.89057
87382218,87382382,"01",2,2,973000,Ligne de Paris-St-Lazare à Versailles-Rive-Droite,V1,353798,2.235513,48.88808
87382382,87382374,"01",3,0,973000,Ligne de Paris-St-Lazare à Versailles-Rive-Droite,V1,353799,2.232325,48.882065
87382382,87382374,"01",3,1,973000,Ligne de Paris-St-Lazare à Versailles-Rive-Droite,V1,353800,2.228436,48.878672
87382382,87382374,"01",3,2,973000,Ligne de Paris-St-Lazare à Versailles-Rive-Droite,V1,353801,2.227056,48.877441
87382382,87382374,"01",3,3,973000,Ligne de Paris-St-Lazare à Versailles-Rive-Droite,V1,353802,2.225355,48.875908
87382382,87382374,"01",3,4,973000,Ligne de Paris-St-Lazare à Versailles-Rive-Droite,V1,353803,2.223541,48.874317
87382382,87382374,"01",3,5,973000,Ligne de Paris-St-Lazare à Versailles-Rive-Droite,V1,353804,2.221296,48.871871
87382374,87382366,"01",4,0,973000,Ligne de Paris-St-Lazare à Versailles-Rive-Droite,V1,353805,2.220245,48.869777
87382374,87382366,"01",4,1,973000,Ligne de Paris-St-Lazare à Versailles-Rive-Droite,V1,353806,2.219818,48.868711
87382374,87382366,"01",4,2,973000,Ligne de Paris-St-Lazare à Versailles-Rive-Droite,V1,353807,2.219347,48.867547
87382374,87382366,"01",4,3,973000,Ligne de Paris-St-Lazare à Versailles-Rive-Droite,V1,353808,2.217395,48.862358
87382374,87382366,"01",4,4,973000,Ligne de Paris-St-Lazare à Versailles-Rive-Droite,V1,353809,2.2166,48.859744
87382374,87382366,"01",4,5,973000,Ligne de Paris-St-Lazare à Versailles-Rive-Droite,V1,353810,2.216488,48.858698
87382374,87382366,"01",4,6,973000,Ligne de Paris-St-Lazare à Versailles-Rive-Droite,V1,353811,2.216485,48.85799
87382374,87382366,"01",4,7,973000,Ligne de Paris-St-Lazare à Versailles-Rive-Droite,V1,353812,2.216546,48.857087
87382366,87382358,"01",5,0,973000,Ligne de Paris-St-Lazare à Versailles-Rive-Droite,V1,353813,2.217218,48.851399
87382366,87382358,"01",5,1,973000,Ligne de Paris-St-Lazare à Versailles-Rive-Droite,V1,353814,2.21757,48.849789
87382366,87382358,"01",5,2,973000,Ligne de Paris-St-Lazare à Versailles-Rive-Droite,V1,353815,2.217919,48.848433
87382366,87382358,"01",5,3,973000,Ligne de Paris-St-Lazare à Versailles-Rive-Droite,V1,353816,2.217932,48.847072
87382366,87382358,"01",5,4,973000,Ligne de Paris-St-Lazare à Versailles-Rive-Droite,V1,353817,2.216875,48.844516
87382358,87382259,"010",0,0,974000,Ligne de St-Cloud à St-Nom-la-Bretèche-Forêt-de-Marly,V1,353901,2.210653,48.840682
87382358,87382259,"010",0,1,974000,Ligne de St-Cloud à St-Nom-la-Bretèche-Forêt-de-Marly,V1,353902,2.20684,48.838545
87382358,87382259,"010",0,2,974000,Ligne de St-Cloud à St-Nom-la-Bretèche-Forêt-de-Marly,V1,353903,2.196208,48.839254
87382358,87382259,"010",0,3,974000,Ligne de St-Cloud à St-Nom-la-Bretèche-Forêt-de-Marly,V1,353904,2.191866,48.839676
87382358,87382259,"010",0,4,974000,Ligne de St-Cloud à St-Nom-la-Bretèche-Forêt-de-Marly,V1,353905,2.187505,48.838341
87382259,87382267,"010",1,0,974000,Ligne de St-Cloud à St-Nom-la-Bretèche-Forêt-de-Marly,V1,353906,2.186944,48.83804
87382259,87382267,"010",1,1,974000,Ligne de St-Cloud à St-Nom-la-Bretèche-Forêt-de-Marly,V1,353907,2.181257,48.836257
87382259,87382267,"010",1,2,974000,Ligne de St-Cloud à St-Nom-la-Bretèche-Forêt-de-Marly,V1,353908,2.179628,48.836068
87382259,87382267,"010",1,3,974000,Ligne de St-Cloud à St-Nom-la-Bretèche-Forêt-de-Marly,V1,353909,2.176975,48.835745
87382259,87382267,"010",1,4,974000,Ligne de St-Cloud à St-Nom-la-Bretèche-Forêt-de-Marly,V1,353910,2.162755,48.834035
87382259,87382267,"010",1,5,974000,Ligne de St-Cloud à St-Nom-la-Bretèche-Forêt-de-Marly,V1,353911,2.155427,48.835238
87382259,87382267,"010",1,6,974000,Ligne de St-Cloud à St-Nom-la-Bretèche-Forêt-de-Marly,V1,353912,2.155022,48.835479
87382259,87382267,"010",1,7,974000,Ligne de St-Cloud à St-Nom-la-Bretèche-Forêt-de-Marly,V1,353913,2.153518,48.836251
87382259,87382267,"010",1,8,974000,Ligne de St-Cloud à St-Nom-la-Bretèche-Forêt-de-Marly,V1,353914,2.152971,48.836489
87382267,87382432,"010",2,0,974000,Ligne de St-Cloud à St-Nom-la-Bretèche-Forêt-de-Marly,V1,353915,2.148282,48.838088
87382267,87382432,"010",2,1,974000,Ligne de St-Cloud à St-Nom-la-Bretèche-Forêt-de-Marly,V1,353916,2.145136,48.838706
87382267,87382432,"010",2,2,974000,Ligne de St-Cloud à St-Nom-la-Bretèche-Forêt-de-Marly,V1,353917,2.141172,48.840505
87382432,87382440,"010",3,0,974000,Ligne de St-Cloud à St-Nom-la-Bretèche-Forêt-de-Marly,V1,353918,2.13392,48.845703
87382432,87382440,"010",3,1,974000,Ligne de St-Cloud à St-Nom-la-Bretèche-Forêt-de-Marly,V1,353919,2.131232,48.84852
87382432,87382440,"010",3,2,974000,Ligne de St-Cloud à St-Nom-la-Bretèche-Forêt-de-Marly,V1,353920,2.131256,48.850479
87382432,87382440,"010",3,3,974000,Ligne de St-Cloud à St-Nom-la-Bretèche-Forêt-de-Marly,V1,353921,2.131943,48.853605
87382440,87382457,"010",4,0,974000,Ligne de St-Cloud à St-Nom-la-Bretèche-Forêt-de-Marly,V1,353922,2.131975,48.856185
87382440,87382457,"010",4,1,974000,Ligne de St-Cloud à St-Nom-la-Bretèche-Forêt-de-Marly,V1,353923,2.131703,48.857292
87382440,87382457,"010",4,2,974000,Ligne de St-Cloud à St-Nom-la-Bretèche-Forêt-de-Marly,V1,353924,2.128271,48.860778
87382440,87382457,"010",4,3,974000,Ligne de St-Cloud à St-Nom-la-Bretèche-Forêt-de-Marly,V1,353925,2.125496,48.861088
87382457,87382465,"010",5,0,974000,Ligne de St-Cloud à St-Nom-la-Bretèche-Forêt-de-Marly,V1,353926,2.119035,48.862619
87382457,87382465,"010",5,1,974000,Ligne de St-Cloud à St-Nom-la-Bretèche-Forêt-de-Marly,V1,353927,2.116624,48.863697
87382457,87382465,"010",5,2,974000,Ligne de St-Cloud à St-Nom-la-Bretèche-Forêt-de-Marly,V1,353928,2.113586,48.865249
87382457,87382465,"010",5,3,974000,Ligne de St-Cloud à St-Nom-la-Bretèche-Forêt-de-Marly,V1,353929,2.112442,48.86734
87382457,87382465,"010",5,4,974000,Ligne de St-Cloud à St-Nom-la-Bretèche-Forêt-de-Marly,V1,353930,2.106085,48.871081
87382457,87382465,"010",5,5,974000,Ligne de St-Cloud à St-Nom-la-Bretèche-Forêt-de-Marly,V1,353931,2.100762,48.871089
87382457,87382465,"010",5,6,974000,Ligne de St-Cloud à St-Nom-la-Bretèche-Forêt-de-Marly,V1,353932,2.098995,48.871166
87382465,87382473,"010",6,0,974000,Ligne de St-Cloud à St-Nom-la-Bretèche-Forêt-de-Marly,V1,353933,2.089206,48.872393
87382465,87382473,"010",6,1,974000,Ligne de St-Cloud à St-Nom-la-Bretèche-Forêt-de-Marly,V1,353934,2.082356,48.871292
87382465,87382473,"010",6,2,974000,Ligne de St-Cloud à St-Nom-la-Bretèche-Forêt-de-Marly,V1,353935,2.077721,48.868625
87382473,87382481,"010",7,0,974000,Ligne de St-Cloud à St-Nom-la-Bretèche-Forêt-de-Marly,V1,353936,2.074934,48.866118
87382473,87382481,"010",7,1,974000,Ligne de St-Cloud à St-Nom-la-Bretèche-Forêt-de-Marly,V1,353937,2.070031,48.863245
87382473,87382481,"010",7,2,974000,Ligne de St-Cloud à St-Nom-la-Bretèche-Forêt-de-Marly,V1,353938,2.068564,48.863029
87382473,87382481,"010",7,3,974000,Ligne de St-Cloud à St-Nom-la-Bretèche-Forêt-de-Marly,V1,353939,2.061143,48.864387
87382473,87382481,"010",7,4,974000,Ligne de St-Cloud à St-Nom-la-Bretèche-Forêt-de-Marly,V1,353940,2.055423,48.865782
87382481,87382812,"0100",0,0,990000,Ligne de la grande ceinture de Paris,V1,354700,2.059325,48.871167
87382481,87382812,"0100",0,1,990000,Ligne de la grande ceinture de Paris,V1,354701,2.061419,48.870863
87382481,87382812,"0100",0,2,990000,Ligne de la grande ceinture de Paris,V1,354702,2.069139,48.872519
87382481,87382812,"0100",0,3,990000,Ligne de la grande ceinture de Paris,V1,354703,2.070034,48.873245
87382481,87382812,"0100",0,4,990000,Ligne de la grande ceinture de Paris,V1,354704,2.071521,48.874378
87382481,87382812,"0100",0,5,990000,Ligne de la grande ceinture de Paris,V1,354705,2.074908,48.876804
87382481,87382812,"0100",0,6,990000,Ligne de la grande ceinture de Paris,V1,354706,2.076376,48.877947
87382481,87382812,"0100",0,7,990000,Ligne de la grande ceinture de Paris,V1,354707,2.07765,48.879066
87382481,87382812,"0100",0,8,990000,Ligne de la grande ceinture de Paris,V1,354708,2.079192,48.881139
87382812,87366922,"0100",1,0,990000,Ligne de la grande ceinture de Paris,V1,354709,2.07943,48.882716
87382812,87366922,"0100",1,1,990000,Ligne de la grande ceinture de Paris,V1,354710,2.07721,48.885995
87382812,87366922,"0100",1,2,990000,Ligne de la grande ceinture de Paris,V1,354711,2.075144,48.88742
87382812,87366922,"0100",1,3,990000,Ligne de la grande ceinture de Paris,V1,354712,2.072873,48.889346
87382812,87366922,"0100",1,4,990000,Ligne de la grande ceinture de Paris,V1,354713,2.071087,48.891252
87366922,87382804,"0100",2,0,990000,Ligne de la grande ceinture de Paris,V1,354714,2.070401,48.895713
87366922,87382804,"0100",2,1,990000,Ligne de la grande ceinture de Paris,V1,354715,2.071973,48.898414
87366922,87382804,"0100",2,2,990000,Ligne de la grande ceinture de Paris,V1,354716,2.072236,48.898818
87366922,87382804,"0100",2,3,990000,Ligne de la grande ceinture de Paris,V1,354717,2.072936,48.901582
87382481,87393876,"0101",0,8,990000,Ligne de la grande ceinture de Paris,V1,354691,2.05788,48.843748
87382481,87393876,"0101",0,7,990000,Ligne de la grande ceinture de Paris,V1,354692,2.054994,48.846969
87382481,87393876,"0101",0,6,990000,Ligne de la grande ceinture de Paris,V1,354693,2.053628,48.848524
87382481,87393876,"0101",0,5,990000,Ligne de la grande ceinture de Paris,V1,354694,2.052258,48.850078
87382481,87393876,"0101",0,4,990000,Ligne de la grande ceinture de Paris,V1,354695,2.048574,48.854195
87382481,87393876,"0101",0,3,990000,Ligne de la grande ceinture de Paris,V1,354696,2.048553,48.859255
87382481,87393876,"0101",0,2,990000,Ligne de la grande ceinture de Paris,V1,354697,2.050074,48.860949
87382481,87393876,"0101",0,1,990000,Ligne de la grande ceinture de Paris,V1,354698,2.051099,48.864581
87382481,87393876,"0101",0,0,990000,Ligne de la grande ceinture de Paris,V1,354699,2.050818,48.865598
87382358,87382341,"011",0,0,973000,Ligne de Paris-St-Lazare à Versailles-Rive-Droite,V1,353818,2.211043,48.840801
87382358,87382341,"011",0,1,973000,Ligne de Paris-St-Lazare à Versailles-Rive-Droite,V1,353819,2.208814,48.840137
87382358,87382341,"011",0,2,973000,Ligne de Paris-St-Lazare à Versailles-Rive-Droite,V1,353820,2.201841,48.833363
87382341,87382333,"011",1,0,973000,Ligne de Paris-St-Lazare à Versailles-Rive-Droite,V1,353821,2.200257,48.82453
87382341,87382333,"011",1,1,973000,Ligne de Paris-St-Lazare à Versailles-Rive-Droite,V1,353822,2.195557,48.818785
87382341,87382333,"011",1,2,973000,Ligne de Paris-St-Lazare à Versailles-Rive-Droite,V1,353823,2.194494,48.81822
87382341,87382333,"011",1,3,973000,Ligne de Paris-St-Lazare à Versailles-Rive-Droite,V1,353824,2.190296,48.815086
87382333,87382887,"011",2,0,973000,Ligne de Paris-St-Lazare à Versailles-Rive-Droite,V1,353825,2.18723,48.811263
87382333,87382887,"011",2,1,973000,Ligne de Paris-St-Lazare à Versailles-Rive-Droite,V1,353826,2.17394,48.805548
87382887,87382879,"011",3,0,973000,Ligne de Paris-St-Lazare à Versailles-Rive-Droite,V1,353827,2.158833,48.805321
87382879,87382861,"011",4,0,973000,Ligne de Paris-St-Lazare à Versailles-Rive-Droite,V1,353828,2.149255,48.807319
87382879,87382861,"011",4,1,973000,Ligne de Paris-St-Lazare à Versailles-Rive-Droite,V1,353829,2.142336,48.809075
